sub_id,ses_id
sub-A00008326,ses-BAS1
sub-A00008326,ses-BAS2
sub-A00008326,ses-FLU1
sub-A00008399,ses-BAS1
sub-A00013809,ses-BAS1
sub-A00018030,ses-BAS1
sub-A00018030,ses-FLU1
sub-A00018030,ses-TRT
sub-A00019903,ses-BAS1
sub-A00021039,ses-BAS1
sub-A00023510,ses-BAS1
sub-A00025566,ses-BAS1
sub-A00027159,ses-BAS1
sub-A00027159,ses-FLU1
sub-A00027159,ses-TRT
sub-A00027167,ses-BAS1
sub-A00027167,ses-FLU1
sub-A00027167,ses-TRT
sub-A00027439,ses-FLU1
sub-A00027439,ses-TRT
sub-A00027443,ses-BAS1
sub-A00027544,ses-BAS1
sub-A00027651,ses-BAS1
sub-A00028150,ses-BAS1
sub-A00028152,ses-BAS1
sub-A00028177,ses-BAS1
sub-A00028184,ses-BAS1
sub-A00028185,ses-BAS1
sub-A00028185,ses-BAS2
sub-A00028192,ses-BAS1
sub-A00028207,ses-BAS1
sub-A00028246,ses-BAS1
sub-A00028266,ses-BAS1
sub-A00028287,ses-BAS1
sub-A00028339,ses-BAS1
sub-A00028339,ses-BAS2
sub-A00028339,ses-FLU1
sub-A00028352,ses-BAS1
sub-A00028352,ses-BAS2
sub-A00028380,ses-BAS1
sub-A00028389,ses-BAS1
sub-A00028399,ses-BAS1
sub-A00028400,ses-BAS1
sub-A00028429,ses-BAS1
sub-A00028430,ses-BAS1
sub-A00028468,ses-BAS1
sub-A00028522,ses-BAS1
sub-A00028552,ses-BAS1
sub-A00028605,ses-BAS1
sub-A00028606,ses-BAS1
sub-A00028613,ses-BAS1
sub-A00028625,ses-BAS1
sub-A00028656,ses-BAS1
sub-A00028678,ses-BAS1
sub-A00028691,ses-BAS1
sub-A00028694,ses-BAS1
sub-A00028753,ses-BAS1
sub-A00028753,ses-BAS2
sub-A00028754,ses-BAS1
sub-A00028754,ses-BAS2
sub-A00028766,ses-BAS1
sub-A00028784,ses-BAS1
sub-A00028822,ses-BAS1
sub-A00028842,ses-BAS1
sub-A00028844,ses-BAS1
sub-A00028845,ses-BAS1
sub-A00028858,ses-BAS1
sub-A00028912,ses-BAS1
sub-A00028929,ses-BAS1
sub-A00028994,ses-BAS1
sub-A00028995,ses-BAS1
sub-A00029075,ses-BAS1
sub-A00029076,ses-BAS1
sub-A00029092,ses-BAS1
sub-A00029104,ses-BAS1
sub-A00029126,ses-BAS1
sub-A00029127,ses-BAS1
sub-A00029215,ses-BAS1
sub-A00029219,ses-BAS1
sub-A00029230,ses-BAS1
sub-A00029231,ses-BAS1
sub-A00029303,ses-BAS1
sub-A00029304,ses-BAS1
sub-A00029979,ses-BAS1
sub-A00030912,ses-BAS1
sub-A00030913,ses-BAS1
sub-A00030947,ses-BAS1
sub-A00030947,ses-BAS2
sub-A00030980,ses-BAS1
sub-A00030981,ses-BAS1
sub-A00030989,ses-BAS1
sub-A00030989,ses-BAS2
sub-A00030990,ses-BAS1
sub-A00031145,ses-BAS1
sub-A00031166,ses-BAS1
sub-A00031167,ses-BAS1
sub-A00031216,ses-BAS1
sub-A00031217,ses-BAS1
sub-A00031219,ses-BAS1
sub-A00031219,ses-BAS2
sub-A00031272,ses-BAS1
sub-A00031410,ses-BAS1
sub-A00031411,ses-BAS1
sub-A00031452,ses-BAS1
sub-A00031452,ses-BAS2
sub-A00031452,ses-FLU1
sub-A00031459,ses-BAS1
sub-A00031549,ses-BAS1
sub-A00031578,ses-BAS1
sub-A00031604,ses-BAS1
sub-A00031605,ses-BAS1
sub-A00031625,ses-BAS1
sub-A00031683,ses-BAS1
sub-A00031794,ses-BAS1
sub-A00031794,ses-BAS2
sub-A00031794,ses-FLU1
sub-A00031871,ses-BAS1
sub-A00031872,ses-BAS1
sub-A00031881,ses-BAS1
sub-A00031881,ses-FLU1
sub-A00031881,ses-FLU2
sub-A00031881,ses-TRT
sub-A00031893,ses-BAS1
sub-A00031894,ses-BAS1
sub-A00032007,ses-BAS1
sub-A00032008,ses-BAS1
sub-A00032010,ses-BAS1
sub-A00032817,ses-BAS1
sub-A00032862,ses-BAS1
sub-A00032875,ses-BAS1
sub-A00032875,ses-BAS2
sub-A00032875,ses-BAS3
sub-A00032875,ses-FLU1
sub-A00032876,ses-BAS1
sub-A00033011,ses-BAS1
sub-A00033021,ses-BAS1
sub-A00033180,ses-BAS1
sub-A00033231,ses-BAS1
sub-A00033232,ses-BAS1
sub-A00033247,ses-BAS1
sub-A00033248,ses-BAS1
sub-A00033589,ses-BAS1
sub-A00033609,ses-BAS1
sub-A00033640,ses-BAS1
sub-A00033643,ses-BAS1
sub-A00033647,ses-BAS1
sub-A00033673,ses-BAS1
sub-A00033673,ses-BAS2
sub-A00033673,ses-FLU1
sub-A00033714,ses-BAS1
sub-A00033714,ses-FLU1
sub-A00033714,ses-FLU2
sub-A00033714,ses-TRT
sub-A00033734,ses-BAS1
sub-A00033735,ses-BAS1
sub-A00033747,ses-BAS1
sub-A00033747,ses-BAS2
sub-A00033748,ses-BAS1
sub-A00033752,ses-BAS1
sub-A00033764,ses-BAS1
sub-A00033832,ses-BAS1
sub-A00033834,ses-BAS1
sub-A00033849,ses-BAS1
sub-A00033903,ses-BAS1
sub-A00033963,ses-BAS1
sub-A00033998,ses-BAS1
sub-A00034073,ses-BAS1
sub-A00034074,ses-BAS1
sub-A00034093,ses-BAS1
sub-A00034193,ses-BAS1
sub-A00034193,ses-BAS2
sub-A00034350,ses-BAS1
sub-A00034350,ses-FLU1
sub-A00034350,ses-TRT
sub-A00034385,ses-BAS1
sub-A00034400,ses-BAS1
sub-A00034827,ses-BAS1
sub-A00034854,ses-BAS1
sub-A00034854,ses-BAS2
sub-A00034987,ses-BAS1
sub-A00035036,ses-BAS1
sub-A00035054,ses-BAS1
sub-A00035072,ses-BAS1
sub-A00035072,ses-BAS2
sub-A00035291,ses-BAS1
sub-A00035291,ses-FLU1
sub-A00035292,ses-BAS1
sub-A00035292,ses-FLU1
sub-A00035292,ses-FLU2
sub-A00035292,ses-TRT
sub-A00035337,ses-BAS1
sub-A00035363,ses-BAS1
sub-A00035364,ses-BAS1
sub-A00035364,ses-FLU1
sub-A00035377,ses-BAS1
sub-A00035377,ses-FLU1
sub-A00035377,ses-FLU2
sub-A00035377,ses-TRT
sub-A00035378,ses-BAS1
sub-A00035437,ses-BAS1
sub-A00035440,ses-BAS1
sub-A00035504,ses-BAS1
sub-A00035535,ses-BAS1
sub-A00035553,ses-BAS1
sub-A00035561,ses-BAS1
sub-A00035561,ses-FLU1
sub-A00035561,ses-FLU2
sub-A00035562,ses-BAS1
sub-A00035606,ses-BAS1
sub-A00035608,ses-BAS1
sub-A00035625,ses-BAS1
sub-A00035633,ses-BAS1
sub-A00035699,ses-BAS1
sub-A00035744,ses-BAS1
sub-A00035765,ses-BAS1
sub-A00035798,ses-BAS1
sub-A00035827,ses-BAS1
sub-A00035827,ses-BAS2
sub-A00035840,ses-BAS1
sub-A00035840,ses-BAS2
sub-A00035869,ses-BAS1
sub-A00035879,ses-BAS1
sub-A00035881,ses-BAS1
sub-A00035926,ses-BAS1
sub-A00035940,ses-BAS1
sub-A00035940,ses-FLU1
sub-A00035941,ses-BAS1
sub-A00035943,ses-BAS1
sub-A00035945,ses-BAS1
sub-A00035945,ses-FLU1
sub-A00035945,ses-TRT
sub-A00035951,ses-BAS1
sub-A00035960,ses-BAS1
sub-A00037081,ses-BAS1
sub-A00037110,ses-BAS1
sub-A00037111,ses-BAS1
sub-A00037112,ses-BAS1
sub-A00037112,ses-BAS2
sub-A00037115,ses-BAS1
sub-A00037117,ses-BAS1
sub-A00037118,ses-BAS1
sub-A00037120,ses-BAS1
sub-A00037122,ses-BAS1
sub-A00037123,ses-BAS1
sub-A00037125,ses-BAS1
sub-A00037126,ses-BAS1
sub-A00037126,ses-BAS2
sub-A00037126,ses-TRT
sub-A00037160,ses-BAS1
sub-A00037170,ses-BAS1
sub-A00037198,ses-BAS1
sub-A00037229,ses-BAS2
sub-A00037229,ses-FLU1
sub-A00037244,ses-BAS1
sub-A00037266,ses-BAS1
sub-A00037267,ses-BAS1
sub-A00037267,ses-BAS2
sub-A00037267,ses-FLU1
sub-A00037267,ses-FLU2
sub-A00037368,ses-BAS1
sub-A00037377,ses-BAS1
sub-A00037378,ses-BAS1
sub-A00037386,ses-BAS1
sub-A00037387,ses-BAS1
sub-A00037396,ses-BAS1
sub-A00037421,ses-BAS1
sub-A00037439,ses-BAS1
sub-A00037445,ses-BAS1
sub-A00037457,ses-BAS1
sub-A00037457,ses-BAS2
sub-A00037457,ses-FLU1
sub-A00037458,ses-BAS1
sub-A00037459,ses-BAS1
sub-A00037476,ses-BAS1
sub-A00037483,ses-BAS1
sub-A00037492,ses-BAS1
sub-A00037510,ses-BAS1
sub-A00037511,ses-BAS1
sub-A00037511,ses-BAS2
sub-A00037522,ses-BAS1
sub-A00037522,ses-BAS2
sub-A00037522,ses-FLU1
sub-A00037531,ses-BAS1
sub-A00037545,ses-BAS1
sub-A00037582,ses-BAS1
sub-A00037588,ses-BAS1
sub-A00037589,ses-BAS1
sub-A00037635,ses-BAS1
sub-A00037646,ses-BAS1
sub-A00037647,ses-BAS1
sub-A00037725,ses-BAS1
sub-A00037726,ses-BAS1
sub-A00037767,ses-BAS1
sub-A00037768,ses-BAS1
sub-A00037783,ses-BAS1
sub-A00037784,ses-BAS1
sub-A00037817,ses-BAS1
sub-A00037817,ses-BAS2
sub-A00037817,ses-FLU1
sub-A00037818,ses-BAS1
sub-A00037831,ses-BAS1
sub-A00037848,ses-BAS1
sub-A00037848,ses-BAS2
sub-A00037866,ses-BAS1
sub-A00037877,ses-BAS1
sub-A00038115,ses-BAS1
sub-A00038158,ses-BAS1
sub-A00038159,ses-BAS1
sub-A00038189,ses-BAS1
sub-A00038285,ses-BAS1
sub-A00038411,ses-BAS1
sub-A00038414,ses-BAS1
sub-A00038414,ses-BAS2
sub-A00038414,ses-FLU1
sub-A00038424,ses-BAS1
sub-A00038424,ses-BAS2
sub-A00038519,ses-BAS1
sub-A00038520,ses-BAS1
sub-A00038522,ses-BAS1
sub-A00038603,ses-BAS1
sub-A00038605,ses-BAS1
sub-A00038616,ses-BAS1
sub-A00038623,ses-BAS1
sub-A00038623,ses-BAS2
sub-A00038623,ses-FLU1
sub-A00038623,ses-FLU2
sub-A00038642,ses-BAS1
sub-A00038642,ses-BAS2
sub-A00038706,ses-BAS1
sub-A00038718,ses-BAS1
sub-A00038731,ses-BAS1
sub-A00038805,ses-BAS1
sub-A00038806,ses-BAS1
sub-A00038806,ses-BAS2
sub-A00038806,ses-FLU1
sub-A00038806,ses-FLU2
sub-A00038817,ses-BAS1
sub-A00038831,ses-BAS1
sub-A00038832,ses-BAS1
sub-A00038957,ses-BAS1
sub-A00038959,ses-BAS1
sub-A00038998,ses-BAS1
sub-A00038998,ses-BAS2
sub-A00039040,ses-BAS1
sub-A00039041,ses-BAS1
sub-A00039074,ses-BAS1
sub-A00039075,ses-BAS1
sub-A00039083,ses-BAS1
sub-A00039084,ses-BAS1
sub-A00039118,ses-BAS1
sub-A00039143,ses-BAS1
sub-A00039159,ses-BAS1
sub-A00039168,ses-BAS1
sub-A00039218,ses-BAS1
sub-A00039249,ses-BAS1
sub-A00039257,ses-BAS1
sub-A00039276,ses-BAS1
sub-A00039277,ses-BAS2
sub-A00039331,ses-BAS1
sub-A00039353,ses-BAS1
sub-A00039353,ses-BAS2
sub-A00039353,ses-FLU2
sub-A00039391,ses-BAS1
sub-A00039391,ses-BAS2
sub-A00039391,ses-FLU1
sub-A00039391,ses-FLU2
sub-A00039393,ses-BAS1
sub-A00039431,ses-BAS1
sub-A00039432,ses-BAS1
sub-A00039461,ses-BAS1
sub-A00039463,ses-BAS1
sub-A00039488,ses-BAS1
sub-A00039488,ses-BAS2
sub-A00039490,ses-BAS1
sub-A00039500,ses-BAS1
sub-A00039559,ses-BAS1
sub-A00039560,ses-BAS1
sub-A00039560,ses-BAS2
sub-A00039560,ses-FLU1
sub-A00039560,ses-FLU2
sub-A00039593,ses-BAS1
sub-A00039593,ses-BAS2
sub-A00039593,ses-FLU1
sub-A00039593,ses-FLU2
sub-A00039607,ses-BAS1
sub-A00039635,ses-BAS1
sub-A00039636,ses-BAS1
sub-A00039639,ses-BAS1
sub-A00039640,ses-BAS1
sub-A00039655,ses-BAS1
sub-A00039657,ses-BAS1
sub-A00039669,ses-BAS1
sub-A00039685,ses-BAS1
sub-A00039685,ses-BAS2
sub-A00039686,ses-BAS1
sub-A00039699,ses-BAS1
sub-A00039700,ses-BAS1
sub-A00039755,ses-BAS1
sub-A00039756,ses-BAS1
sub-A00039758,ses-BAS1
sub-A00039758,ses-BAS2
sub-A00039758,ses-FLU1
sub-A00039783,ses-BAS1
sub-A00039819,ses-BAS1
sub-A00039820,ses-BAS1
sub-A00039820,ses-BAS2
sub-A00039820,ses-FLU1
sub-A00039820,ses-FLU2
sub-A00039845,ses-BAS1
sub-A00039846,ses-BAS1
sub-A00039846,ses-BAS2
sub-A00039846,ses-FLU1
sub-A00039866,ses-BAS1
sub-A00039895,ses-BAS1
sub-A00039916,ses-BAS1
sub-A00039923,ses-BAS1
sub-A00039943,ses-BAS1
sub-A00039943,ses-FLU1
sub-A00039943,ses-FLU2
sub-A00039943,ses-TRT
sub-A00039951,ses-BAS1
sub-A00039951,ses-BAS2
sub-A00039951,ses-FLU1
sub-A00039951,ses-FLU2
sub-A00039952,ses-BAS1
sub-A00039965,ses-BAS1
sub-A00039966,ses-BAS1
sub-A00039974,ses-BAS1
sub-A00039975,ses-BAS1
sub-A00039975,ses-BAS2
sub-A00039975,ses-FLU1
sub-A00039988,ses-BAS1
sub-A00040054,ses-BAS1
sub-A00040055,ses-BAS1
sub-A00040091,ses-BAS1
sub-A00040104,ses-BAS1
sub-A00040116,ses-BAS1
sub-A00040117,ses-BAS1
sub-A00040117,ses-FLU1
sub-A00040117,ses-FLU2
sub-A00040117,ses-TRT
sub-A00040151,ses-BAS1
sub-A00040152,ses-BAS1
sub-A00040174,ses-BAS1
sub-A00040181,ses-BAS1
sub-A00040182,ses-BAS1
sub-A00040193,ses-BAS1
sub-A00040225,ses-BAS1
sub-A00040225,ses-BAS2
sub-A00040226,ses-BAS1
sub-A00040248,ses-BAS1
sub-A00040257,ses-BAS1
sub-A00040285,ses-BAS1
sub-A00040285,ses-BAS2
sub-A00040285,ses-FLU1
sub-A00040285,ses-FLU2
sub-A00040286,ses-BAS1
sub-A00040286,ses-BAS2
sub-A00040286,ses-FLU1
sub-A00040286,ses-FLU2
sub-A00040301,ses-BAS1
sub-A00040311,ses-BAS1
sub-A00040311,ses-BAS2
sub-A00040311,ses-FLU1
sub-A00040312,ses-BAS1
sub-A00040312,ses-BAS2
sub-A00040324,ses-BAS1
sub-A00040342,ses-BAS1
sub-A00040343,ses-BAS1
sub-A00040351,ses-BAS1
sub-A00040382,ses-BAS1
sub-A00040383,ses-BAS1
sub-A00040383,ses-BAS2
sub-A00040439,ses-BAS1
sub-A00040440,ses-BAS1
sub-A00040461,ses-BAS1
sub-A00040462,ses-BAS1
sub-A00040493,ses-BAS1
sub-A00040494,ses-BAS1
sub-A00040500,ses-BAS1
sub-A00040517,ses-BAS1
sub-A00040524,ses-BAS1
sub-A00040525,ses-BAS1
sub-A00040543,ses-BAS1
sub-A00040556,ses-BAS1
sub-A00040556,ses-FLU1
sub-A00040556,ses-FLU2
sub-A00040556,ses-TRT
sub-A00040567,ses-BAS1
sub-A00040573,ses-BAS1
sub-A00040580,ses-BAS1
sub-A00040580,ses-BAS2
sub-A00040580,ses-FLU1
sub-A00040594,ses-BAS1
sub-A00040599,ses-BAS1
sub-A00040604,ses-BAS1
sub-A00040604,ses-BAS2
sub-A00040604,ses-FLU1
sub-A00040604,ses-FLU2
sub-A00040623,ses-BAS1
sub-A00040628,ses-BAS1
sub-A00040628,ses-BAS2
sub-A00040629,ses-BAS1
sub-A00040640,ses-BAS1
sub-A00040678,ses-BAS1
sub-A00040740,ses-BAS1
sub-A00040741,ses-BAS1
sub-A00040757,ses-BAS1
sub-A00040784,ses-BAS1
sub-A00040798,ses-BAS1
sub-A00040798,ses-FLU1
sub-A00040798,ses-FLU2
sub-A00040798,ses-TRT
sub-A00040800,ses-BAS1
sub-A00040800,ses-FLU1
sub-A00040800,ses-FLU2
sub-A00040800,ses-TRT
sub-A00040806,ses-BAS1
sub-A00040815,ses-BAS1
sub-A00040815,ses-FLU1
sub-A00040815,ses-FLU2
sub-A00040815,ses-TRT
sub-A00040827,ses-BAS1
sub-A00040890,ses-BAS1
sub-A00040891,ses-BAS1
sub-A00040915,ses-BAS1
sub-A00040944,ses-BAS1
sub-A00041049,ses-BAS1
sub-A00041503,ses-BAS1
sub-A00041540,ses-BAS1
sub-A00043240,ses-BAS1
sub-A00043240,ses-TRT
sub-A00043282,ses-BAS1
sub-A00043283,ses-BAS1
sub-A00043299,ses-BAS1
sub-A00043324,ses-BAS1
sub-A00043325,ses-BAS1
sub-A00043384,ses-BAS1
sub-A00043417,ses-BAS1
sub-A00043450,ses-BAS1
sub-A00043462,ses-BAS1
sub-A00043466,ses-BAS1
sub-A00043494,ses-BAS1
sub-A00043494,ses-TRT
sub-A00043509,ses-BAS1
sub-A00043520,ses-BAS1
sub-A00043521,ses-BAS1
sub-A00043617,ses-BAS1
sub-A00043617,ses-BAS2
sub-A00043617,ses-FLU1
sub-A00043634,ses-BAS1
sub-A00043635,ses-BAS1
sub-A00043649,ses-BAS1
sub-A00043677,ses-BAS1
sub-A00043704,ses-BAS1
sub-A00043721,ses-BAS1
sub-A00043722,ses-BAS1
sub-A00043739,ses-BAS1
sub-A00043740,ses-BAS1
sub-A00043740,ses-FLU1
sub-A00043740,ses-TRT
sub-A00043758,ses-BAS1
sub-A00043762,ses-BAS1
sub-A00043762,ses-BAS2
sub-A00043762,ses-FLU2
sub-A00043788,ses-BAS1
sub-A00043788,ses-FLU1
sub-A00043788,ses-TRT
sub-A00043790,ses-BAS1
sub-A00043998,ses-BAS1
sub-A00044011,ses-BAS1
sub-A00044012,ses-BAS1
sub-A00044068,ses-BAS1
sub-A00044084,ses-BAS1
sub-A00044084,ses-FLU1
sub-A00044130,ses-BAS1
sub-A00044131,ses-BAS1
sub-A00044154,ses-BAS1
sub-A00044171,ses-BAS1
sub-A00044291,ses-BAS1
sub-A00044307,ses-BAS1
sub-A00044344,ses-BAS1
sub-A00044345,ses-BAS1
sub-A00044369,ses-BAS1
sub-A00044370,ses-BAS1
sub-A00044405,ses-BAS1
sub-A00044408,ses-BAS1
sub-A00044410,ses-BAS1
sub-A00044427,ses-BAS1
sub-A00045554,ses-BAS1
sub-A00045589,ses-BAS1
sub-A00045590,ses-BAS1
sub-A00050679,ses-BAS1
sub-A00050720,ses-BAS1
sub-A00050721,ses-BAS1
sub-A00050742,ses-BAS1
sub-A00050743,ses-BAS1
sub-A00050795,ses-BAS1
sub-A00050815,ses-BAS1
sub-A00050847,ses-BAS1
sub-A00050847,ses-FLU1
sub-A00050847,ses-FLU2
sub-A00050848,ses-BAS1
sub-A00050848,ses-FLU1
sub-A00050848,ses-FLU2
sub-A00050848,ses-TRT
sub-A00050911,ses-BAS1
sub-A00050912,ses-BAS1
sub-A00050940,ses-BAS1
sub-A00050977,ses-BAS1
sub-A00050998,ses-BAS1
sub-A00051023,ses-BAS1
sub-A00051063,ses-BAS1
sub-A00051064,ses-BAS1
sub-A00051455,ses-BAS1
sub-A00051456,ses-BAS1
sub-A00051456,ses-BAS2
sub-A00051456,ses-FLU1
sub-A00051456,ses-FLU2
sub-A00051457,ses-BAS1
sub-A00051477,ses-BAS1
sub-A00051513,ses-BAS1
sub-A00051514,ses-BAS1
sub-A00051517,ses-BAS1
sub-A00051528,ses-BAS1
sub-A00051529,ses-BAS1
sub-A00051539,ses-BAS1
sub-A00051548,ses-BAS1
sub-A00051603,ses-BAS1
sub-A00051604,ses-BAS1
sub-A00051638,ses-BAS1
sub-A00051658,ses-BAS1
sub-A00051676,ses-BAS1
sub-A00051678,ses-BAS1
sub-A00051679,ses-BAS1
sub-A00051690,ses-BAS1
sub-A00051691,ses-BAS1
sub-A00051691,ses-FLU1
sub-A00051691,ses-FLU2
sub-A00051691,ses-TRT
sub-A00051726,ses-BAS1
sub-A00051727,ses-BAS1
sub-A00051727,ses-TRT
sub-A00051758,ses-BAS1
sub-A00051774,ses-BAS1
sub-A00051796,ses-BAS1
sub-A00051835,ses-BAS1
sub-A00051835,ses-BAS2
sub-A00051835,ses-FLU1
sub-A00051835,ses-FLU2
sub-A00051882,ses-BAS1
sub-A00051882,ses-BAS2
sub-A00051882,ses-FLU1
sub-A00051925,ses-BAS1
sub-A00051927,ses-BAS1
sub-A00052069,ses-BAS1
sub-A00052069,ses-FLU1
sub-A00052069,ses-TRT
sub-A00052070,ses-BAS1
sub-A00052117,ses-BAS1
sub-A00052117,ses-BAS2
sub-A00052118,ses-BAS1
sub-A00052125,ses-BAS1
sub-A00052126,ses-BAS1
sub-A00052165,ses-BAS1
sub-A00052165,ses-TRT
sub-A00052180,ses-BAS1
sub-A00052181,ses-BAS1
sub-A00052181,ses-BAS2
sub-A00052181,ses-FLU1
sub-A00052182,ses-FLU1
sub-A00052182,ses-FLU2
sub-A00052182,ses-TRT
sub-A00052183,ses-BAS1
sub-A00052183,ses-FLU1
sub-A00052183,ses-FLU2
sub-A00052183,ses-TRT
sub-A00052197,ses-BAS1
sub-A00052214,ses-BAS1
sub-A00052234,ses-BAS1
sub-A00052234,ses-BAS2
sub-A00052234,ses-FLU1
sub-A00052234,ses-FLU2
sub-A00052235,ses-BAS1
sub-A00052237,ses-BAS1
sub-A00052237,ses-FLU1
sub-A00052237,ses-FLU2
sub-A00052237,ses-TRT
sub-A00052307,ses-BAS1
sub-A00052319,ses-BAS1
sub-A00052340,ses-BAS1
sub-A00052461,ses-BAS1
sub-A00052461,ses-FLU1
sub-A00052461,ses-FLU2
sub-A00052461,ses-TRT
sub-A00052499,ses-BAS1
sub-A00052500,ses-BAS1
sub-A00052502,ses-BAS1
sub-A00052560,ses-BAS1
sub-A00052577,ses-BAS1
sub-A00052577,ses-BAS2
sub-A00052577,ses-FLU1
sub-A00052577,ses-FLU2
sub-A00052612,ses-BAS1
sub-A00052613,ses-BAS1
sub-A00052614,ses-BAS1
sub-A00052639,ses-BAS1
sub-A00053171,ses-BAS1
sub-A00053171,ses-FLU1
sub-A00053171,ses-FLU2
sub-A00053202,ses-BAS1
sub-A00053202,ses-BAS2
sub-A00053202,ses-FLU1
sub-A00053202,ses-FLU2
sub-A00053203,ses-BAS1
sub-A00053203,ses-FLU1
sub-A00053203,ses-TRT
sub-A00053320,ses-BAS1
sub-A00053320,ses-FLU1
sub-A00053320,ses-FLU2
sub-A00053320,ses-TRT
sub-A00053369,ses-BAS1
sub-A00053390,ses-BAS1
sub-A00053390,ses-TRT
sub-A00053455,ses-BAS1
sub-A00053456,ses-BAS1
sub-A00053473,ses-BAS1
sub-A00053474,ses-BAS1
sub-A00053475,ses-BAS1
sub-A00053490,ses-BAS1
sub-A00053490,ses-TRT
sub-A00053546,ses-BAS1
sub-A00053576,ses-BAS1
sub-A00053577,ses-BAS1
sub-A00053578,ses-BAS1
sub-A00053625,ses-BAS1
sub-A00053626,ses-BAS1
sub-A00053627,ses-BAS1
sub-A00053744,ses-BAS1
sub-A00053744,ses-TRT
sub-A00053850,ses-BAS1
sub-A00053851,ses-BAS1
sub-A00053854,ses-BAS1
sub-A00053873,ses-BAS1
sub-A00053873,ses-FLU1
sub-A00053873,ses-FLU2
sub-A00053873,ses-TRT
sub-A00053874,ses-BAS1
sub-A00053901,ses-BAS1
sub-A00053902,ses-BAS1
sub-A00053927,ses-BAS1
sub-A00053949,ses-BAS1
sub-A00053949,ses-BAS2
sub-A00053949,ses-FLU1
sub-A00054019,ses-BAS1
sub-A00054038,ses-BAS1
sub-A00054153,ses-BAS1
sub-A00054153,ses-BAS2
sub-A00054153,ses-FLU1
sub-A00054153,ses-FLU2
sub-A00054173,ses-BAS1
sub-A00054206,ses-BAS1
sub-A00054206,ses-FLU1
sub-A00054206,ses-FLU2
sub-A00054206,ses-TRT
sub-A00054358,ses-BAS1
sub-A00054441,ses-BAS1
sub-A00054482,ses-BAS1
sub-A00054504,ses-BAS1
sub-A00054532,ses-BAS1
sub-A00054533,ses-BAS1
sub-A00054534,ses-BAS1
sub-A00054578,ses-BAS1
sub-A00054578,ses-TRT
sub-A00054581,ses-BAS1
sub-A00054581,ses-FLU1
sub-A00054581,ses-FLU2
sub-A00054581,ses-TRT
sub-A00054621,ses-BAS1
sub-A00054857,ses-BAS1
sub-A00054857,ses-BAS2
sub-A00054895,ses-BAS1
sub-A00054895,ses-BAS2
sub-A00054895,ses-FLU1
sub-A00054897,ses-BAS1
sub-A00054913,ses-BAS1
sub-A00054914,ses-BAS1
sub-A00054929,ses-BAS1
sub-A00055061,ses-BAS1
sub-A00055076,ses-BAS1
sub-A00055076,ses-FLU1
sub-A00055076,ses-TRT
sub-A00055116,ses-BAS1
sub-A00055121,ses-BAS1
sub-A00055122,ses-BAS1
sub-A00055122,ses-FLU1
sub-A00055122,ses-FLU2
sub-A00055122,ses-TRT
sub-A00055215,ses-BAS1
sub-A00055262,ses-BAS1
sub-A00055262,ses-FLU1
sub-A00055262,ses-FLU2
sub-A00055262,ses-TRT
sub-A00055267,ses-FLU2
sub-A00055267,ses-TRT
sub-A00055332,ses-BAS1
sub-A00055352,ses-BAS1
sub-A00055353,ses-BAS1
sub-A00055373,ses-BAS1
sub-A00055446,ses-BAS1
sub-A00055447,ses-BAS1
sub-A00055462,ses-BAS1
sub-A00055462,ses-FLU1
sub-A00055462,ses-FLU2
sub-A00055462,ses-TRT
sub-A00055541,ses-BAS1
sub-A00055542,ses-BAS1
sub-A00055612,ses-BAS1
sub-A00055612,ses-FLU1
sub-A00055612,ses-FLU2
sub-A00055612,ses-TRT
sub-A00055624,ses-BAS1
sub-A00055624,ses-FLU1
sub-A00055692,ses-BAS1
sub-A00055693,ses-BAS1
sub-A00055693,ses-FLU1
sub-A00055693,ses-FLU2
sub-A00055693,ses-TRT
sub-A00055727,ses-BAS1
sub-A00055727,ses-FLU2
sub-A00055727,ses-TRT
sub-A00055728,ses-BAS1
sub-A00055728,ses-FLU2
sub-A00055728,ses-TRT
sub-A00055738,ses-BAS1
sub-A00055763,ses-BAS1
sub-A00055763,ses-BAS2
sub-A00055763,ses-FLU1
sub-A00055765,ses-BAS1
sub-A00055806,ses-BAS1
sub-A00055832,ses-BAS1
sub-A00055832,ses-FLU1
sub-A00055866,ses-BAS1
sub-A00055866,ses-TRT
sub-A00055867,ses-BAS1
sub-A00055867,ses-TRT
sub-A00055903,ses-BAS1
sub-A00055903,ses-TRT
sub-A00055906,ses-BAS1
sub-A00055907,ses-BAS1
sub-A00055907,ses-FLU2
sub-A00055907,ses-TRT
sub-A00055908,ses-BAS1
sub-A00055908,ses-FLU1
sub-A00055908,ses-TRT
sub-A00055920,ses-BAS1
sub-A00055920,ses-FLU1
sub-A00055920,ses-FLU2
sub-A00055920,ses-TRT
sub-A00055921,ses-FLU1
sub-A00055921,ses-FLU2
sub-A00055921,ses-TRT
sub-A00055946,ses-BAS1
sub-A00055946,ses-FLU1
sub-A00055946,ses-FLU2
sub-A00055946,ses-TRT
sub-A00055962,ses-BAS1
sub-A00055991,ses-BAS1
sub-A00055991,ses-TRT
sub-A00056020,ses-BAS1
sub-A00056020,ses-FLU1
sub-A00056020,ses-FLU2
sub-A00056020,ses-TRT
sub-A00056022,ses-BAS1
sub-A00056022,ses-FLU1
sub-A00056022,ses-FLU2
sub-A00056022,ses-TRT
sub-A00056097,ses-BAS1
sub-A00056098,ses-BAS1
sub-A00056098,ses-BAS2
sub-A00056099,ses-BAS2
sub-A00056099,ses-FLU1
sub-A00056138,ses-BAS1
sub-A00056138,ses-FLU1
sub-A00056138,ses-TRT
sub-A00056164,ses-BAS1
sub-A00056198,ses-BAS1
sub-A00056198,ses-FLU1
sub-A00056198,ses-FLU2
sub-A00056198,ses-TRT
sub-A00056295,ses-FLU1
sub-A00056295,ses-FLU2
sub-A00056295,ses-TRT
sub-A00056306,ses-BAS1
sub-A00056307,ses-BAS1
sub-A00056307,ses-FLU1
sub-A00056307,ses-FLU2
sub-A00056307,ses-TRT
sub-A00056372,ses-BAS1
sub-A00056419,ses-BAS1
sub-A00056419,ses-FLU2
sub-A00056419,ses-TRT
sub-A00056420,ses-BAS1
sub-A00056420,ses-FLU1
sub-A00056420,ses-FLU2
sub-A00056420,ses-TRT
sub-A00056452,ses-BAS1
sub-A00056452,ses-BAS2
sub-A00056453,ses-BAS1
sub-A00056470,ses-BAS1
sub-A00056470,ses-TRT
sub-A00056489,ses-BAS1
sub-A00056556,ses-BAS1
sub-A00056605,ses-BAS1
sub-A00056605,ses-FLU1
sub-A00056605,ses-FLU2
sub-A00056605,ses-TRT
sub-A00056627,ses-BAS1
sub-A00056628,ses-BAS1
sub-A00056679,ses-BAS1
sub-A00056679,ses-FLU1
sub-A00056679,ses-FLU2
sub-A00056679,ses-TRT
sub-A00056703,ses-BAS1
sub-A00056746,ses-BAS1
sub-A00056746,ses-FLU2
sub-A00056746,ses-TRT
sub-A00056830,ses-BAS1
sub-A00056830,ses-FLU2
sub-A00056898,ses-BAS1
sub-A00056919,ses-BAS1
sub-A00056920,ses-BAS1
sub-A00056920,ses-TRT
sub-A00056949,ses-BAS1
sub-A00057005,ses-BAS1
sub-A00057035,ses-BAS1
sub-A00057076,ses-BAS1
sub-A00057076,ses-FLU1
sub-A00057076,ses-FLU2
sub-A00057076,ses-TRT
sub-A00057182,ses-BAS1
sub-A00057183,ses-BAS1
sub-A00057203,ses-BAS1
sub-A00057235,ses-BAS1
sub-A00057372,ses-BAS1
sub-A00057405,ses-BAS1
sub-A00057405,ses-FLU1
sub-A00057405,ses-FLU2
sub-A00057405,ses-TRT
sub-A00057406,ses-BAS1
sub-A00057444,ses-BAS1
sub-A00057445,ses-BAS1
sub-A00057445,ses-BAS2
sub-A00057445,ses-FLU1
sub-A00057445,ses-FLU2
sub-A00057480,ses-BAS1
sub-A00057480,ses-FLU1
sub-A00057480,ses-FLU2
sub-A00057480,ses-TRT
sub-A00057725,ses-BAS1
sub-A00057725,ses-FLU1
sub-A00057725,ses-FLU2
sub-A00057725,ses-TRT
sub-A00057726,ses-FLU2
sub-A00057726,ses-TRT
sub-A00057786,ses-BAS1
sub-A00057808,ses-BAS1
sub-A00057809,ses-BAS1
sub-A00057809,ses-FLU1
sub-A00057809,ses-FLU2
sub-A00057809,ses-TRT
sub-A00057862,ses-BAS1
sub-A00057862,ses-FLU1
sub-A00057862,ses-FLU2
sub-A00057862,ses-TRT
sub-A00057863,ses-BAS1
sub-A00057863,ses-FLU2
sub-A00057863,ses-TRT
sub-A00057965,ses-BAS1
sub-A00057967,ses-BAS1
sub-A00058004,ses-BAS1
sub-A00058004,ses-FLU1
sub-A00058004,ses-FLU2
sub-A00058004,ses-TRT
sub-A00058053,ses-BAS1
sub-A00058053,ses-FLU1
sub-A00058053,ses-TRT
sub-A00058060,ses-BAS1
sub-A00058060,ses-TRT
sub-A00058061,ses-BAS1
sub-A00058061,ses-TRT
sub-A00058130,ses-BAS1
sub-A00058145,ses-BAS1
sub-A00058214,ses-BAS1
sub-A00058215,ses-BAS1
sub-A00058215,ses-FLU1
sub-A00058215,ses-FLU2
sub-A00058215,ses-TRT
sub-A00058229,ses-BAS1
sub-A00058229,ses-FLU1
sub-A00058229,ses-FLU2
sub-A00058229,ses-TRT
sub-A00058318,ses-BAS1
sub-A00058436,ses-BAS1
sub-A00058503,ses-BAS1
sub-A00058503,ses-BAS2
sub-A00058503,ses-FLU1
sub-A00058503,ses-FLU2
sub-A00058515,ses-BAS1
sub-A00058516,ses-BAS1
sub-A00058516,ses-TRT
sub-A00058537,ses-BAS1
sub-A00058537,ses-FLU2
sub-A00058552,ses-BAS1
sub-A00058570,ses-BAS1
sub-A00058570,ses-FLU1
sub-A00058621,ses-BAS1
sub-A00058644,ses-BAS1
sub-A00058667,ses-BAS1
sub-A00058685,ses-BAS1
sub-A00058685,ses-FLU2
sub-A00058951,ses-BAS1
sub-A00058952,ses-BAS1
sub-A00058952,ses-BAS2
sub-A00058952,ses-FLU1
sub-A00058998,ses-BAS1
sub-A00058999,ses-BAS1
sub-A00059074,ses-BAS1
sub-A00059107,ses-BAS1
sub-A00059109,ses-BAS1
sub-A00059325,ses-BAS1
sub-A00059325,ses-FLU1
sub-A00059325,ses-TRT
sub-A00059326,ses-BAS1
sub-A00059326,ses-FLU1
sub-A00059326,ses-FLU2
sub-A00059327,ses-BAS1
sub-A00059327,ses-FLU1
sub-A00059327,ses-FLU2
sub-A00059327,ses-TRT
sub-A00059344,ses-BAS1
sub-A00059344,ses-BAS2
sub-A00059344,ses-FLU1
sub-A00059344,ses-FLU2
sub-A00059346,ses-BAS1
sub-A00059361,ses-BAS1
sub-A00059361,ses-BAS2
sub-A00059361,ses-FLU1
sub-A00059361,ses-FLU2
sub-A00059361,ses-FLU3
sub-A00059427,ses-BAS1
sub-A00059428,ses-BAS1
sub-A00059527,ses-BAS1
sub-A00059662,ses-BAS1
sub-A00059663,ses-BAS1
sub-A00059664,ses-BAS1
sub-A00059733,ses-BAS1
sub-A00059733,ses-FLU1
sub-A00059734,ses-BAS1
sub-A00059756,ses-BAS1
sub-A00059845,ses-BAS1
sub-A00059865,ses-BAS1
sub-A00059865,ses-FLU1
sub-A00059865,ses-FLU2
sub-A00059865,ses-TRT
sub-A00059875,ses-BAS1
sub-A00059911,ses-BAS1
sub-A00059935,ses-BAS1
sub-A00059990,ses-BAS1
sub-A00060005,ses-BAS1
sub-A00060006,ses-BAS1
sub-A00060093,ses-BAS1
sub-A00060099,ses-BAS1
sub-A00060099,ses-FLU1
sub-A00060099,ses-FLU2
sub-A00060099,ses-TRT
sub-A00060100,ses-BAS1
sub-A00060100,ses-FLU1
sub-A00060100,ses-FLU2
sub-A00060100,ses-TRT
sub-A00060169,ses-BAS1
sub-A00060170,ses-BAS1
sub-A00060184,ses-BAS1
sub-A00060185,ses-BAS1
sub-A00060252,ses-BAS1
sub-A00060259,ses-BAS1
sub-A00060264,ses-BAS1
sub-A00060264,ses-BAS2
sub-A00060279,ses-BAS1
sub-A00060280,ses-BAS1
sub-A00060280,ses-FLU1
sub-A00060280,ses-FLU2
sub-A00060280,ses-TRT
sub-A00060301,ses-BAS1
sub-A00060302,ses-BAS1
sub-A00060306,ses-BAS1
sub-A00060372,ses-BAS1
sub-A00060383,ses-BAS1
sub-A00060384,ses-BAS1
sub-A00060384,ses-FLU1
sub-A00060384,ses-FLU2
sub-A00060384,ses-TRT
sub-A00060407,ses-BAS1
sub-A00060429,ses-BAS1
sub-A00060429,ses-FLU1
sub-A00060429,ses-FLU2
sub-A00060429,ses-TRT
sub-A00060430,ses-BAS1
sub-A00060431,ses-BAS1
sub-A00060471,ses-BAS1
sub-A00060472,ses-BAS1
sub-A00060472,ses-FLU1
sub-A00060472,ses-TRT
sub-A00060480,ses-BAS1
sub-A00060493,ses-BAS1
sub-A00060493,ses-FLU1
sub-A00060493,ses-FLU2
sub-A00060493,ses-TRT
sub-A00060503,ses-BAS1
sub-A00060503,ses-FLU1
sub-A00060503,ses-FLU2
sub-A00060516,ses-BAS1
sub-A00060574,ses-BAS1
sub-A00060575,ses-BAS1
sub-A00060575,ses-BAS2
sub-A00060575,ses-FLU1
sub-A00060575,ses-FLU2
sub-A00060576,ses-BAS1
sub-A00060581,ses-BAS1
sub-A00060582,ses-BAS1
sub-A00060602,ses-BAS1
sub-A00060602,ses-BAS2
sub-A00060602,ses-FLU1
sub-A00060602,ses-FLU2
sub-A00060603,ses-BAS1
sub-A00060603,ses-FLU1
sub-A00060603,ses-FLU2
sub-A00060603,ses-TRT
sub-A00060628,ses-BAS1
sub-A00060629,ses-BAS1
sub-A00060630,ses-BAS1
sub-A00060632,ses-BAS1
sub-A00060662,ses-BAS1
sub-A00060664,ses-BAS1
sub-A00060664,ses-FLU1
sub-A00060664,ses-FLU2
sub-A00060664,ses-TRT
sub-A00060773,ses-BAS1
sub-A00060806,ses-BAS1
sub-A00060806,ses-TRT
sub-A00060846,ses-BAS1
sub-A00060846,ses-FLU1
sub-A00060846,ses-FLU2
sub-A00060846,ses-TRT
sub-A00060848,ses-BAS1
sub-A00060923,ses-BAS1
sub-A00060925,ses-BAS1
sub-A00061001,ses-BAS1
sub-A00061021,ses-BAS1
sub-A00061203,ses-BAS1
sub-A00061204,ses-BAS1
sub-A00061210,ses-BAS1
sub-A00061263,ses-BAS1
sub-A00061274,ses-BAS1
sub-A00061275,ses-BAS1
sub-A00061276,ses-BAS1
sub-A00061281,ses-BAS1
sub-A00061284,ses-BAS1
sub-A00061298,ses-BAS1
sub-A00061298,ses-FLU2
sub-A00061298,ses-TRT
sub-A00061387,ses-BAS1
sub-A00061413,ses-FLU1
sub-A00061413,ses-FLU2
sub-A00061413,ses-TRT
sub-A00061415,ses-BAS1
sub-A00061415,ses-FLU1
sub-A00061415,ses-FLU2
sub-A00061415,ses-TRT
sub-A00061483,ses-BAS1
sub-A00061485,ses-BAS1
sub-A00061597,ses-BAS1
sub-A00061598,ses-BAS1
sub-A00061600,ses-BAS1
sub-A00061634,ses-BAS1
sub-A00061647,ses-BAS1
sub-A00061656,ses-BAS1
sub-A00061656,ses-BAS2
sub-A00061656,ses-FLU1
sub-A00061656,ses-FLU2
sub-A00061666,ses-BAS1
sub-A00061709,ses-BAS1
sub-A00061711,ses-BAS1
sub-A00061714,ses-BAS1
sub-A00061714,ses-FLU1
sub-A00061714,ses-TRT
sub-A00061715,ses-BAS1
sub-A00061715,ses-FLU1
sub-A00061715,ses-TRT
sub-A00061725,ses-BAS1
sub-A00061727,ses-BAS1
sub-A00061728,ses-BAS1
sub-A00061730,ses-BAS1
sub-A00061749,ses-BAS1
sub-A00061749,ses-FLU1
sub-A00061749,ses-FLU2
sub-A00061749,ses-TRT
sub-A00061767,ses-BAS1
sub-A00061787,ses-BAS1
sub-A00061790,ses-BAS1
sub-A00061806,ses-BAS1
sub-A00061881,ses-BAS1
sub-A00061882,ses-BAS1
sub-A00061883,ses-BAS1
sub-A00061883,ses-FLU1
sub-A00061883,ses-FLU2
sub-A00061883,ses-TRT
sub-A00061923,ses-BAS1
sub-A00061962,ses-BAS1
sub-A00061962,ses-BAS2
sub-A00061962,ses-FLU1
sub-A00062009,ses-BAS1
sub-A00062009,ses-TRT
sub-A00062081,ses-BAS1
sub-A00062081,ses-FLU1
sub-A00062081,ses-FLU2
sub-A00062081,ses-TRT
sub-A00062085,ses-BAS1
sub-A00062085,ses-FLU1
sub-A00062085,ses-FLU2
sub-A00062085,ses-TRT
sub-A00062144,ses-BAS1
sub-A00062144,ses-TRT
sub-A00062146,ses-BAS1
sub-A00062146,ses-TRT
sub-A00062210,ses-BAS1
sub-A00062210,ses-BAS2
sub-A00062210,ses-FLU1
sub-A00062210,ses-FLU2
sub-A00062248,ses-BAS1
sub-A00062255,ses-BAS1
sub-A00062266,ses-BAS1
sub-A00062268,ses-BAS1
sub-A00062282,ses-BAS1
sub-A00062282,ses-BAS2
sub-A00062282,ses-FLU1
sub-A00062285,ses-BAS1
sub-A00062285,ses-BAS2
sub-A00062285,ses-FLU1
sub-A00062285,ses-FLU2
sub-A00062288,ses-BAS1
sub-A00062292,ses-BAS1
sub-A00062349,ses-FLU2
sub-A00062349,ses-TRT
sub-A00062351,ses-BAS1
sub-A00062353,ses-TRT
sub-A00062361,ses-BAS1
sub-A00062361,ses-FLU1
sub-A00062361,ses-FLU2
sub-A00062361,ses-TRT
sub-A00062368,ses-BAS1
sub-A00062369,ses-BAS1
sub-A00062369,ses-FLU1
sub-A00062369,ses-TRT
sub-A00062411,ses-BAS1
sub-A00062416,ses-BAS1
sub-A00062797,ses-BAS1
sub-A00062797,ses-FLU2
sub-A00062797,ses-TRT
sub-A00062809,ses-BAS1
sub-A00062809,ses-FLU1
sub-A00062809,ses-TRT
sub-A00062917,ses-BAS1
sub-A00062923,ses-BAS1
sub-A00062926,ses-BAS1
sub-A00062928,ses-BAS1
sub-A00062929,ses-BAS1
sub-A00062934,ses-BAS1
sub-A00062937,ses-BAS1
sub-A00062937,ses-BAS2
sub-A00062937,ses-FLU1
sub-A00062937,ses-FLU2
sub-A00062942,ses-BAS1
sub-A00062982,ses-BAS1
sub-A00062983,ses-BAS1
sub-A00062983,ses-FLU1
sub-A00062983,ses-FLU2
sub-A00062983,ses-TRT
sub-A00062989,ses-BAS1
sub-A00062989,ses-FLU2
sub-A00062989,ses-TRT
sub-A00062996,ses-BAS1
sub-A00062996,ses-TRT
sub-A00062997,ses-TRT
sub-A00063000,ses-BAS1
sub-A00063003,ses-BAS1
sub-A00063003,ses-FLU1
sub-A00063003,ses-TRT
sub-A00063006,ses-BAS1
sub-A00063006,ses-FLU1
sub-A00063006,ses-TRT
sub-A00063008,ses-BAS1
sub-A00063031,ses-BAS1
sub-A00063103,ses-BAS1
sub-A00063110,ses-BAS1
sub-A00063110,ses-BAS2
sub-A00063110,ses-FLU1
sub-A00063326,ses-BAS1
sub-A00063327,ses-BAS1
sub-A00063327,ses-FLU1
sub-A00063327,ses-FLU2
sub-A00063327,ses-TRT
sub-A00063329,ses-BAS1
sub-A00063329,ses-FLU1
sub-A00063329,ses-FLU2
sub-A00063368,ses-BAS1
sub-A00063383,ses-BAS1
sub-A00063383,ses-FLU2
sub-A00063383,ses-TRT
sub-A00063424,ses-BAS1
sub-A00063424,ses-BAS2
sub-A00063424,ses-FLU1
sub-A00063425,ses-BAS1
sub-A00063450,ses-BAS1
sub-A00063455,ses-BAS1
sub-A00063458,ses-BAS1
sub-A00063470,ses-BAS1
sub-A00063473,ses-BAS1
sub-A00063479,ses-BAS1
sub-A00063481,ses-BAS1
sub-A00063589,ses-BAS1
sub-A00064053,ses-BAS1
sub-A00064058,ses-BAS1
sub-A00064058,ses-FLU2
sub-A00064058,ses-FLU3
sub-A00064061,ses-BAS1
sub-A00064081,ses-BAS1
sub-A00064081,ses-FLU1
sub-A00064081,ses-FLU2
sub-A00064323,ses-BAS1
sub-A00064328,ses-FLU1
sub-A00064415,ses-BAS1
sub-A00064416,ses-BAS1
sub-A00064418,ses-FLU2
sub-A00064503,ses-BAS1
sub-A00064503,ses-FLU1
sub-A00064503,ses-FLU2
sub-A00064503,ses-TRT
sub-A00064505,ses-BAS1
sub-A00064505,ses-FLU1
sub-A00064505,ses-TRT
sub-A00064507,ses-BAS1
sub-A00064507,ses-FLU1
sub-A00064507,ses-FLU2
sub-A00064507,ses-TRT
sub-A00064580,ses-BAS1
sub-A00064596,ses-BAS1
sub-A00064596,ses-FLU1
sub-A00064596,ses-FLU2
sub-A00064596,ses-TRT
sub-A00064597,ses-FLU1
sub-A00065178,ses-BAS1
sub-A00065178,ses-FLU1
sub-A00065178,ses-FLU2
sub-A00065178,ses-TRT
sub-A00065185,ses-BAS1
sub-A00065185,ses-FLU2
sub-A00065197,ses-BAS1
sub-A00065250,ses-BAS1
sub-A00065250,ses-FLU1
sub-A00065250,ses-FLU2
sub-A00065250,ses-TRT
sub-A00065261,ses-BAS1
sub-A00065261,ses-FLU1
sub-A00065262,ses-BAS1
sub-A00065263,ses-BAS1
sub-A00065302,ses-BAS1
sub-A00065302,ses-FLU1
sub-A00065302,ses-FLU2
sub-A00065302,ses-FLU3
sub-A00065379,ses-BAS1
sub-A00065478,ses-BAS1
sub-A00065478,ses-FLU1
sub-A00065478,ses-FLU2
sub-A00065480,ses-BAS1
sub-A00065480,ses-FLU1
sub-A00065480,ses-FLU2
sub-A00065487,ses-BAS1
sub-A00065487,ses-BAS2
sub-A00065487,ses-FLU1
sub-A00065487,ses-FLU2
sub-A00065565,ses-BAS1
sub-A00065572,ses-BAS1
sub-A00065572,ses-FLU1
sub-A00065572,ses-FLU2
sub-A00065572,ses-FLU3
sub-A00065574,ses-BAS1
sub-A00065617,ses-BAS1
sub-A00065717,ses-BAS1
sub-A00065722,ses-BAS1
sub-A00065743,ses-BAS1
sub-A00065743,ses-FLU1
sub-A00065743,ses-FLU3
sub-A00065749,ses-BAS1
sub-A00065750,ses-BAS1
sub-A00065790,ses-BAS1
sub-A00065792,ses-BAS1
sub-A00065792,ses-FLU1
sub-A00065792,ses-TRT
sub-A00065802,ses-BAS1
sub-A00065802,ses-FLU1
sub-A00065802,ses-FLU2
sub-A00065802,ses-TRT
sub-A00065820,ses-BAS1
sub-A00065820,ses-TRT
sub-A00065865,ses-BAS1
sub-A00065873,ses-BAS1
sub-A00065934,ses-BAS1
sub-A00065935,ses-BAS1
sub-A00065935,ses-FLU1
sub-A00065935,ses-FLU2
sub-A00065935,ses-FLU3
sub-A00065941,ses-BAS1
sub-A00065941,ses-FLU1
sub-A00065941,ses-FLU2
sub-A00065962,ses-BAS1
sub-A00065962,ses-FLU2
sub-A00065962,ses-FLU3
sub-A00065974,ses-BAS1
sub-A00065974,ses-FLU1
sub-A00065974,ses-FLU2
sub-A00065975,ses-BAS1
sub-A00065975,ses-FLU1
sub-A00065975,ses-FLU2
sub-A00065975,ses-TRT
sub-A00065978,ses-BAS1
sub-A00065978,ses-FLU1
sub-A00065978,ses-FLU2
sub-A00065991,ses-BAS1
sub-A00065991,ses-FLU1
sub-A00065991,ses-FLU2
sub-A00065992,ses-FLU1
sub-A00065992,ses-FLU2
sub-A00065992,ses-TRT
sub-A00065995,ses-BAS1
sub-A00065995,ses-FLU1
sub-A00065995,ses-FLU2
sub-A00065995,ses-FLU3
sub-A00066013,ses-BAS1
sub-A00066013,ses-FLU1
sub-A00066013,ses-FLU2
sub-A00066013,ses-FLU3
sub-A00066087,ses-BAS1
sub-A00066091,ses-BAS1
sub-A00066130,ses-BAS1
sub-A00066132,ses-BAS1
sub-A00066132,ses-FLU1
sub-A00066153,ses-BAS1
sub-A00066154,ses-BAS1
sub-A00066154,ses-FLU1
sub-A00066154,ses-FLU2
sub-A00066162,ses-BAS1
sub-A00066232,ses-BAS1
sub-A00066236,ses-BAS1
sub-A00066237,ses-BAS1
sub-A00066237,ses-FLU1
sub-A00066237,ses-FLU2
sub-A00066245,ses-BAS1
sub-A00066245,ses-FLU1
sub-A00066245,ses-FLU2
sub-A00066246,ses-BAS1
sub-A00066248,ses-FLU1
sub-A00066248,ses-FLU2
sub-A00066282,ses-BAS1
sub-A00066302,ses-BAS1
sub-A00066302,ses-FLU2
sub-A00066314,ses-BAS1
sub-A00066314,ses-FLU1
sub-A00066314,ses-TRT
sub-A00066319,ses-BAS1
sub-A00066389,ses-BAS1
sub-A00066389,ses-FLU1
sub-A00066389,ses-FLU2
sub-A00066396,ses-BAS1
sub-A00066396,ses-FLU1
sub-A00066396,ses-FLU2
sub-A00066396,ses-TRT
sub-A00066419,ses-BAS1
sub-A00066460,ses-BAS1
sub-A00066460,ses-FLU1
sub-A00066460,ses-FLU2
sub-A00066534,ses-BAS1
sub-A00066534,ses-FLU2
sub-A00066534,ses-TRT
sub-A00066539,ses-BAS1
sub-A00066572,ses-BAS1
sub-A00066572,ses-FLU1
sub-A00066572,ses-FLU2
sub-A00066572,ses-TRT
sub-A00066573,ses-BAS1
sub-A00066573,ses-FLU1
sub-A00066573,ses-TRT
sub-A00066580,ses-BAS1
sub-A00066580,ses-TRT
sub-A00066581,ses-BAS1
sub-A00066581,ses-TRT
sub-A00066582,ses-BAS1
sub-A00066582,ses-TRT
sub-A00066584,ses-BAS1
sub-A00066584,ses-TRT
sub-A00066589,ses-BAS1
sub-A00066589,ses-FLU1
sub-A00066589,ses-FLU2
sub-A00066589,ses-TRT
sub-A00066697,ses-BAS1
sub-A00066697,ses-FLU1
sub-A00066697,ses-TRT
sub-A00066698,ses-BAS1
sub-A00066698,ses-FLU1
sub-A00066698,ses-TRT
sub-A00066735,ses-BAS1
sub-A00066781,ses-BAS1
sub-A00066782,ses-BAS1
sub-A00066782,ses-FLU1
sub-A00066784,ses-BAS1
sub-A00066784,ses-FLU1
sub-A00066788,ses-BAS1
sub-A00066800,ses-BAS1
sub-A00066812,ses-BAS1
sub-A00066820,ses-BAS1
sub-A00066822,ses-BAS1
sub-A00066827,ses-BAS1
sub-A00066831,ses-BAS1
sub-A00066860,ses-BAS1
sub-A00066860,ses-FLU1
sub-A00066860,ses-FLU2
sub-A00066860,ses-TRT
sub-A00066864,ses-BAS1
sub-A00066864,ses-FLU1
sub-A00066865,ses-BAS1
sub-A00066871,ses-BAS1
sub-A00066926,ses-BAS1
sub-A00067062,ses-BAS1
sub-A00067062,ses-FLU1
sub-A00067146,ses-BAS1
sub-A00067146,ses-TRT
sub-A00067174,ses-BAS1
sub-A00067174,ses-FLU1
sub-A00067174,ses-FLU2
sub-A00072203,ses-BAS1
sub-A00073230,ses-BAS1
sub-A00073230,ses-FLU1
sub-A00073230,ses-FLU2
sub-A00073283,ses-BAS1
sub-A00073296,ses-BAS1
sub-A00073303,ses-BAS1
sub-A00073303,ses-FLU1
sub-A00073303,ses-TRT
sub-A00073308,ses-BAS1
sub-A00073525,ses-BAS1
sub-A00073525,ses-FLU1
sub-A00073525,ses-FLU2
sub-A00073529,ses-BAS1
sub-A00073539,ses-BAS1
sub-A00073539,ses-FLU1
sub-A00073539,ses-FLU2
sub-A00073545,ses-BAS1
sub-A00073545,ses-FLU1
sub-A00073545,ses-FLU2
sub-A00073545,ses-TRT
sub-A00073600,ses-BAS1
sub-A00073611,ses-BAS1
sub-A00073677,ses-BAS1
sub-A00073677,ses-FLU1
sub-A00073677,ses-FLU2
sub-A00073705,ses-BAS1
sub-A00073940,ses-BAS1
sub-A00073940,ses-FLU1
sub-A00073942,ses-BAS1
sub-A00073942,ses-FLU1
sub-A00073942,ses-FLU2
sub-A00073953,ses-BAS1
sub-A00073953,ses-FLU1
sub-A00073953,ses-FLU2
sub-A00073975,ses-BAS1
sub-A00074000,ses-BAS1
sub-A00074034,ses-BAS1
sub-A00074034,ses-FLU1
sub-A00074034,ses-FLU2
sub-A00074034,ses-TRT
sub-A00074047,ses-BAS1
sub-A00074095,ses-BAS1
sub-A00074113,ses-BAS1
sub-A00074113,ses-FLU1
sub-A00074113,ses-FLU2
sub-A00074114,ses-BAS1
sub-A00074114,ses-FLU1
sub-A00074114,ses-FLU2
sub-A00074425,ses-BAS1
sub-A00074427,ses-BAS1
sub-A00074427,ses-FLU1
sub-A00074427,ses-FLU2
sub-A00074427,ses-TRT
sub-A00074439,ses-BAS1
sub-A00074439,ses-FLU1
sub-A00074439,ses-FLU2
sub-A00074447,ses-FLU1
sub-A00074447,ses-FLU2
sub-A00074447,ses-TRT
sub-A00074482,ses-BAS1
sub-A00074607,ses-BAS1
sub-A00074607,ses-FLU1
sub-A00074607,ses-FLU2
sub-A00074607,ses-TRT
sub-A00074609,ses-BAS1
sub-A00074618,ses-BAS1
sub-A00074639,ses-BAS1
sub-A00074639,ses-FLU1
sub-A00074641,ses-BAS1
sub-A00074641,ses-FLU1
sub-A00074641,ses-FLU2
sub-A00074652,ses-BAS1
sub-A00074657,ses-BAS1
sub-A00074657,ses-FLU1
sub-A00074657,ses-FLU2
sub-A00074687,ses-BAS1
sub-A00074688,ses-BAS1
sub-A00074688,ses-TRT
sub-A00074701,ses-BAS1
sub-A00074701,ses-FLU1
sub-A00074709,ses-BAS1
sub-A00074709,ses-FLU1
sub-A00074711,ses-BAS1
sub-A00074768,ses-BAS1
sub-A00074768,ses-FLU1
sub-A00074769,ses-BAS1
sub-A00074769,ses-FLU1
sub-A00074780,ses-BAS1
sub-A00074784,ses-BAS1
sub-A00074787,ses-BAS1
sub-A00074787,ses-FLU1
sub-A00074793,ses-BAS1
sub-A00074793,ses-FLU2
sub-A00074794,ses-BAS1
sub-A00074794,ses-FLU1
sub-A00074794,ses-FLU2
sub-A00074795,ses-BAS1
sub-A00074795,ses-FLU2
sub-A00074800,ses-BAS1
sub-A00074800,ses-FLU1
sub-A00074800,ses-FLU2
sub-A00074802,ses-BAS1
sub-A00074808,ses-BAS1
sub-A00074808,ses-FLU1
sub-A00074808,ses-FLU2
sub-A00074836,ses-BAS1
sub-A00074836,ses-FLU1
sub-A00074836,ses-FLU2
sub-A00074942,ses-BAS1
sub-A00074942,ses-FLU1
sub-A00074942,ses-FLU2
sub-A00074952,ses-BAS1
sub-A00074952,ses-FLU1
sub-A00074952,ses-FLU2
sub-A00074952,ses-TRT
sub-A00074953,ses-BAS1
sub-A00074953,ses-TRT
sub-A00074956,ses-BAS1
sub-A00074959,ses-BAS1
sub-A00074959,ses-FLU1
sub-A00074959,ses-FLU2
sub-A00074962,ses-BAS1
sub-A00074962,ses-FLU1
sub-A00074962,ses-FLU2
sub-A00074969,ses-BAS1
sub-A00074969,ses-FLU1
sub-A00074969,ses-FLU2
sub-A00074975,ses-BAS1
sub-A00074977,ses-BAS1
sub-A00074977,ses-FLU1
sub-A00074977,ses-FLU2
sub-A00074985,ses-BAS1
sub-A00074985,ses-FLU1
sub-A00074985,ses-FLU2
sub-A00074989,ses-BAS1
sub-A00074989,ses-FLU1
sub-A00074989,ses-FLU2
sub-A00075150,ses-BAS1
sub-A00075150,ses-TRT
sub-A00075151,ses-BAS1
sub-A00075151,ses-TRT
sub-A00075156,ses-BAS1
sub-A00075193,ses-BAS1
sub-A00075210,ses-BAS1
sub-A00075210,ses-FLU1
sub-A00075220,ses-BAS1
sub-A00075220,ses-FLU1
sub-A00075220,ses-FLU2
sub-A00075229,ses-BAS1
sub-A00075229,ses-FLU1
sub-A00075229,ses-FLU2
sub-A00075267,ses-BAS1
sub-A00075269,ses-BAS1
sub-A00075292,ses-FLU1
sub-A00075292,ses-FLU2
sub-A00075296,ses-BAS1
sub-A00075296,ses-FLU1
sub-A00075361,ses-BAS1
sub-A00075361,ses-FLU1
sub-A00075362,ses-BAS1
sub-A00075369,ses-BAS1
sub-A00075372,ses-BAS1
sub-A00075372,ses-TRT
sub-A00075377,ses-BAS1
sub-A00075407,ses-BAS1
sub-A00075407,ses-FLU1
sub-A00075407,ses-FLU2
sub-A00075412,ses-BAS1
sub-A00075432,ses-BAS1
sub-A00075651,ses-BAS1
sub-A00075653,ses-BAS1
sub-A00075653,ses-FLU1
sub-A00075653,ses-FLU2
sub-A00075657,ses-BAS1
sub-A00075660,ses-BAS1
sub-A00075674,ses-BAS1
sub-A00075678,ses-BAS1
sub-A00075678,ses-FLU1
sub-A00075721,ses-BAS1
sub-A00075729,ses-BAS1
sub-A00075729,ses-FLU1
sub-A00075729,ses-TRT
sub-A00075732,ses-BAS1
sub-A00075732,ses-FLU1
sub-A00075732,ses-FLU2
sub-A00075732,ses-TRT
sub-A00075735,ses-BAS1
sub-A00075735,ses-FLU1
sub-A00075735,ses-FLU2
sub-A00075737,ses-BAS1
sub-A00075737,ses-FLU1
sub-A00075737,ses-TRT
sub-A00075738,ses-BAS1
sub-A00075738,ses-FLU1
sub-A00075738,ses-TRT
sub-A00075740,ses-BAS1
sub-A00075740,ses-FLU1
sub-A00075741,ses-BAS1
sub-A00075741,ses-FLU1
sub-A00075744,ses-BAS1
sub-A00075745,ses-BAS1
sub-A00075746,ses-BAS1
sub-A00075757,ses-BAS1
sub-A00075757,ses-FLU1
sub-A00075757,ses-FLU2
sub-A00075806,ses-BAS1
sub-A00075806,ses-FLU1
sub-A00075895,ses-BAS1
sub-A00075895,ses-FLU1
sub-A00075895,ses-FLU2
sub-A00075896,ses-BAS1
sub-A00075898,ses-BAS1
sub-A00075898,ses-FLU1
sub-A00075898,ses-FLU2
sub-A00075964,ses-BAS1
sub-A00076380,ses-BAS1
sub-A00076380,ses-FLU2
sub-A00076381,ses-BAS1
sub-A00076381,ses-FLU1
sub-A00076381,ses-FLU2
sub-A00076546,ses-BAS1
sub-A00076546,ses-FLU1
sub-A00076546,ses-FLU2
sub-A00076559,ses-BAS1
sub-A00076559,ses-FLU1
sub-A00076559,ses-FLU2
sub-A00076568,ses-BAS1
sub-A00076568,ses-TRT
sub-A00076574,ses-BAS1
sub-A00076574,ses-FLU1
sub-A00076574,ses-FLU2
sub-A00076574,ses-TRT
sub-A00076586,ses-BAS1
sub-A00076586,ses-FLU1
sub-A00076594,ses-BAS1
sub-A00076594,ses-FLU1
sub-A00076594,ses-FLU2
sub-A00076595,ses-BAS1
sub-A00076595,ses-FLU1
sub-A00076595,ses-FLU2
sub-A00076595,ses-TRT
sub-A00076600,ses-BAS1
sub-A00076600,ses-FLU1
sub-A00076744,ses-BAS1
sub-A00076746,ses-BAS1
sub-A00076746,ses-FLU1
sub-A00076746,ses-FLU2
sub-A00076751,ses-BAS1
sub-A00076751,ses-FLU1
sub-A00076751,ses-FLU2
sub-A00076755,ses-BAS1
sub-A00076755,ses-FLU1
sub-A00076755,ses-FLU2
sub-A00076755,ses-TRT
sub-A00076757,ses-BAS1
sub-A00076759,ses-BAS1
sub-A00076759,ses-FLU1
sub-A00076759,ses-FLU2
sub-A00076759,ses-TRT
sub-A00076764,ses-BAS1
sub-A00076764,ses-FLU1
sub-A00076775,ses-BAS1
sub-A00076775,ses-FLU1
sub-A00076775,ses-FLU2
sub-A00076798,ses-BAS1
sub-A00076863,ses-BAS1
sub-A00076941,ses-BAS1
sub-A00076941,ses-FLU1
sub-A00076941,ses-TRT
sub-A00077088,ses-BAS1
sub-A00077088,ses-FLU1
sub-A00077088,ses-FLU2
sub-A00077091,ses-BAS1
sub-A00077091,ses-FLU1
sub-A00077091,ses-FLU2
sub-A00077095,ses-BAS1
sub-A00077099,ses-BAS1
sub-A00077099,ses-FLU1
sub-A00077099,ses-FLU2
sub-A00077109,ses-BAS1
sub-A00077111,ses-BAS1
sub-A00077134,ses-BAS1
sub-A00077134,ses-FLU1
sub-A00077134,ses-FLU2
sub-A00077144,ses-BAS1
sub-A00077181,ses-BAS1
sub-A00077181,ses-FLU2
sub-A00077182,ses-BAS1
sub-A00077183,ses-BAS1
sub-A00077184,ses-BAS1
sub-A00077184,ses-FLU2
sub-A00077188,ses-BAS1
sub-A00077188,ses-FLU2
sub-A00077192,ses-BAS1
sub-A00077199,ses-BAS1
sub-A00077201,ses-BAS1
sub-A00077201,ses-FLU1
sub-A00077201,ses-TRT
sub-A00077203,ses-BAS1
sub-A00077203,ses-FLU1
sub-A00077203,ses-FLU2
sub-A00077203,ses-TRT
sub-A00077204,ses-BAS1
sub-A00077213,ses-BAS1
sub-A00077213,ses-FLU1
sub-A00077252,ses-BAS1
sub-A00077252,ses-FLU1
sub-A00077252,ses-FLU2
sub-A00077304,ses-BAS1
sub-A00077304,ses-FLU1
sub-A00077304,ses-FLU2
sub-A00077311,ses-BAS1
sub-A00077311,ses-FLU1
sub-A00077311,ses-FLU2
sub-A00077391,ses-BAS1
sub-A00077391,ses-FLU1
sub-A00077395,ses-BAS1
sub-A00077397,ses-BAS1
sub-A00077397,ses-FLU1
sub-A00077397,ses-FLU2
sub-A00077412,ses-BAS1
sub-A00077412,ses-FLU1
sub-A00077412,ses-FLU2
sub-A00077412,ses-TRT
sub-A00077413,ses-BAS1
sub-A00077413,ses-FLU1
sub-A00077413,ses-FLU2
sub-A00077453,ses-BAS1
sub-A00077453,ses-FLU1
sub-A00077453,ses-FLU2
sub-A00077453,ses-TRT
sub-A00077528,ses-BAS1
sub-A00077528,ses-FLU1
sub-A00077528,ses-FLU2
sub-A00077556,ses-BAS1
sub-A00077556,ses-FLU1
sub-A00077556,ses-FLU2
sub-A00077573,ses-BAS1
sub-A00077573,ses-FLU1
sub-A00077574,ses-BAS1
sub-A00077574,ses-FLU1
sub-A00077574,ses-TRT
sub-A00077577,ses-BAS1
sub-A00077577,ses-TRT
sub-A00077585,ses-BAS1
sub-A00077585,ses-FLU1
sub-A00077585,ses-FLU2
sub-A00077622,ses-BAS1
sub-A00077637,ses-BAS1
sub-A00077638,ses-TRT
sub-A00077668,ses-BAS1
sub-A00077668,ses-FLU1
sub-A00077668,ses-FLU2
sub-A00077668,ses-TRT
sub-A00077733,ses-BAS1
sub-A00077734,ses-BAS1
sub-A00077753,ses-BAS1
sub-A00077753,ses-FLU1
sub-A00077753,ses-FLU2
sub-A00077755,ses-BAS1
sub-A00077755,ses-TRT
sub-A00077758,ses-BAS1
sub-A00078238,ses-BAS1
sub-A00078239,ses-FLU1
sub-A00078239,ses-FLU2
sub-A00078262,ses-BAS1
sub-A00078262,ses-FLU1
sub-A00078262,ses-FLU2
sub-A00078823,ses-BAS1
sub-A00079292,ses-BAS1
sub-A00079292,ses-FLU1
sub-A00079301,ses-BAS1
sub-A00079301,ses-FLU1
sub-A00079302,ses-BAS1
sub-A00079302,ses-FLU1
sub-A00079334,ses-BAS1
sub-A00079337,ses-BAS1
sub-A00079337,ses-TRT
sub-A00079353,ses-BAS1
sub-A00079422,ses-BAS1
sub-A00079702,ses-BAS1
sub-A00079710,ses-BAS1
sub-A00079724,ses-BAS1
sub-A00079724,ses-FLU1
sub-A00079724,ses-FLU2
sub-A00079730,ses-BAS1
sub-A00079730,ses-FLU1
sub-A00079730,ses-FLU2
sub-A00079747,ses-BAS1
sub-A00079775,ses-BAS1
sub-A00079775,ses-BAS2
sub-A00079775,ses-FLU1
sub-A00079776,ses-BAS1
sub-A00079776,ses-FLU1
sub-A00079776,ses-FLU2
sub-A00079776,ses-TRT
sub-A00079777,ses-BAS1
sub-A00079818,ses-BAS1
sub-A00079818,ses-TRT
sub-A00079850,ses-BAS1
sub-A00079850,ses-FLU1
sub-A00079850,ses-FLU2
sub-A00079907,ses-BAS1
sub-A00079931,ses-BAS1
sub-A00079977,ses-BAS1
sub-A00079977,ses-FLU1
sub-A00079977,ses-FLU2
sub-A00080052,ses-BAS1
sub-A00080052,ses-FLU1
sub-A00080052,ses-FLU2
sub-A00080327,ses-BAS1
sub-A00080327,ses-FLU1
sub-A00080428,ses-BAS1
sub-A00080428,ses-FLU1
sub-A00080447,ses-BAS1
sub-A00080452,ses-BAS1
sub-A00080453,ses-BAS1
sub-A00080535,ses-BAS1
sub-A00080811,ses-BAS1
sub-A00080811,ses-FLU1
sub-A00080818,ses-BAS1
sub-A00080818,ses-FLU1
sub-A00080818,ses-FLU2
sub-A00080818,ses-TRT
sub-A00080819,ses-BAS1
sub-A00080819,ses-FLU1
sub-A00080819,ses-FLU2
sub-A00080901,ses-BAS1
sub-A00080901,ses-FLU1
sub-A00080901,ses-FLU2
sub-A00080932,ses-BAS1
sub-A00080932,ses-FLU1
sub-A00080932,ses-FLU2
sub-A00080942,ses-BAS1
sub-A00081064,ses-FLU1
sub-A00081064,ses-FLU2
sub-A00081064,ses-TRT
sub-A00081065,ses-BAS1
sub-A00081065,ses-FLU1
sub-A00081065,ses-FLU2
sub-A00081065,ses-TRT
sub-A00081071,ses-BAS1
sub-A00081071,ses-FLU1
sub-A00081071,ses-FLU2
sub-A00081090,ses-BAS1
sub-A00081090,ses-FLU1
sub-A00081090,ses-FLU2
sub-A00081090,ses-TRT
sub-A00081098,ses-BAS1
sub-A00081098,ses-FLU1
sub-A00081098,ses-FLU2
sub-A00081103,ses-BAS1
sub-A00081103,ses-FLU1
sub-A00081105,ses-BAS1
sub-A00081105,ses-FLU1
sub-A00081112,ses-BAS1
sub-A00081114,ses-BAS1
sub-A00081114,ses-FLU1
sub-A00081123,ses-BAS1
sub-A00081123,ses-FLU1
sub-A00081126,ses-BAS1
sub-A00081126,ses-FLU1
sub-A00081126,ses-TRT
sub-A00081132,ses-BAS1
sub-A00081142,ses-BAS1
sub-A00081142,ses-FLU1
sub-A00081142,ses-FLU2
sub-A00081149,ses-BAS1
sub-A00081149,ses-FLU1
sub-A00081175,ses-BAS1
sub-A00081175,ses-FLU1
sub-A00081175,ses-FLU2
sub-A00081185,ses-BAS1
sub-A00081185,ses-FLU1
sub-A00081239,ses-BAS1
sub-A00081243,ses-BAS1
sub-A00081243,ses-FLU1
sub-A00081253,ses-BAS1
sub-A00081253,ses-FLU1
sub-A00081385,ses-FLU1
sub-A00081385,ses-FLU2
sub-A00081385,ses-TRT
sub-A00081392,ses-BAS1
sub-A00081394,ses-BAS1
sub-A00081402,ses-BAS1
sub-A00081402,ses-FLU1
sub-A00081476,ses-BAS1
sub-A00081476,ses-FLU1
sub-A00081476,ses-TRT
sub-A00081479,ses-BAS1
sub-A00081479,ses-FLU1
sub-A00081517,ses-BAS1
sub-A00081517,ses-FLU1
sub-A00081518,ses-BAS1
sub-A00081518,ses-FLU1
sub-A00081518,ses-TRT
sub-A00081519,ses-BAS1
sub-A00081543,ses-BAS1
sub-A00081544,ses-BAS1
sub-A00081552,ses-BAS1
sub-A00081552,ses-FLU1
sub-A00081616,ses-BAS1
sub-A00081616,ses-FLU1
sub-A00081719,ses-BAS1
sub-A00081719,ses-FLU1
sub-A00081721,ses-BAS1
sub-A00081721,ses-FLU1
sub-A00081724,ses-BAS1
sub-A00081724,ses-FLU1
sub-A00081725,ses-BAS1
sub-A00081725,ses-FLU1
sub-A00081727,ses-BAS1
sub-A00081727,ses-FLU1
sub-A00081727,ses-FLU2
sub-A00081727,ses-TRT
sub-A00081729,ses-BAS1
sub-A00081729,ses-FLU1
sub-A00081734,ses-BAS1
sub-A00081734,ses-FLU1
sub-A00081735,ses-BAS1
sub-A00081735,ses-FLU1
sub-A00081777,ses-BAS1
sub-A00081780,ses-BAS1
sub-A00081780,ses-FLU1
sub-A00081785,ses-BAS1
sub-A00081785,ses-FLU1
sub-A00081794,ses-BAS1
sub-A00081794,ses-FLU1
sub-A00081805,ses-BAS1
sub-A00081842,ses-BAS1
sub-A00081842,ses-FLU1
sub-A00081846,ses-BAS1
sub-A00081846,ses-FLU1
sub-A00081854,ses-BAS1
sub-A00081854,ses-FLU1
sub-A00081901,ses-BAS1
sub-A00081938,ses-BAS1
sub-A00081962,ses-BAS1
sub-A00081963,ses-BAS1
sub-A00081963,ses-FLU1
sub-A00082215,ses-BAS1
sub-A00082215,ses-FLU1
sub-A00082216,ses-BAS1
sub-A00082216,ses-FLU1
sub-A00082217,ses-BAS1
sub-A00082217,ses-FLU1
sub-A00082217,ses-TRT
sub-A00082442,ses-BAS1
sub-A00082524,ses-BAS1
sub-A00082524,ses-FLU1
sub-A00082528,ses-BAS1
sub-A00082528,ses-FLU1
sub-A00082529,ses-BAS1
sub-A00082529,ses-FLU1
sub-A00082532,ses-BAS1
sub-A00082554,ses-BAS1
sub-A00082556,ses-BAS1
sub-A00082556,ses-FLU1
sub-A00082563,ses-BAS1
sub-A00082580,ses-BAS1
sub-A00082580,ses-FLU1
sub-A00082590,ses-BAS1
sub-A00082590,ses-FLU1
sub-A00082619,ses-BAS1
sub-A00082619,ses-FLU1
sub-A00082635,ses-BAS1
sub-A00082662,ses-BAS1
sub-A00082665,ses-FLU1
sub-A00082666,ses-BAS1
sub-A00082666,ses-FLU1
sub-A00082672,ses-BAS1
sub-A00082672,ses-FLU1
sub-A00082734,ses-BAS1
sub-A00082781,ses-BAS1
sub-A00082781,ses-FLU1
sub-A00082804,ses-BAS1
sub-A00082804,ses-FLU1
sub-A00082805,ses-BAS1
sub-A00082805,ses-FLU1
sub-A00082805,ses-TRT
sub-A00082807,ses-BAS1
sub-A00082807,ses-FLU1
sub-A00082808,ses-BAS1
sub-A00082808,ses-FLU1
sub-A00082808,ses-TRT
sub-A00082942,ses-BAS1
sub-A00082943,ses-BAS1
sub-A00082943,ses-FLU1
sub-A00082943,ses-TRT
sub-A00082945,ses-BAS1
sub-A00082945,ses-FLU1
sub-A00082945,ses-TRT
sub-A00082969,ses-BAS1
sub-A00082969,ses-FLU1
sub-A00082972,ses-FLU1
sub-A00082987,ses-BAS1
sub-A00082987,ses-FLU1
sub-A00082987,ses-TRT
sub-A00083109,ses-BAS1
sub-A00083109,ses-FLU1
sub-A00083138,ses-BAS1
sub-A00083138,ses-FLU1
sub-A00083142,ses-BAS1
sub-A00083142,ses-FLU1
sub-A00083162,ses-BAS1
sub-A00083162,ses-FLU1
sub-A00083169,ses-BAS1
sub-A00083169,ses-FLU1
sub-A00083171,ses-BAS1
sub-A00083207,ses-BAS1
sub-A00083207,ses-FLU1
sub-A00083208,ses-BAS1
sub-A00083208,ses-FLU1
sub-A00083389,ses-BAS1
sub-A00083389,ses-FLU1
sub-A00083419,ses-BAS1
sub-A00083419,ses-FLU1
sub-A00083574,ses-BAS1
sub-A00083631,ses-BAS1
sub-A00083631,ses-FLU1
sub-A00083687,ses-BAS1
sub-A00083687,ses-FLU1
sub-A00083730,ses-BAS1
sub-A00083731,ses-BAS1
sub-A00083731,ses-FLU1
sub-A00083732,ses-BAS1
sub-A00083732,ses-FLU1
sub-A00083744,ses-BAS1
sub-A00083744,ses-FLU1
sub-A00083744,ses-TRT
sub-A00083745,ses-BAS1
sub-A00083745,ses-FLU1
sub-A00083745,ses-TRT
sub-A00083847,ses-BAS1
sub-A00083847,ses-FLU1
sub-A00083923,ses-BAS1
sub-A00083949,ses-BAS1
sub-A00083949,ses-FLU1
sub-A00083950,ses-BAS1
sub-A00083950,ses-FLU1
sub-A00083951,ses-BAS1
sub-A00083951,ses-FLU1
sub-A00083952,ses-BAS1
sub-A00083963,ses-BAS1
sub-A00083963,ses-FLU1
sub-A00083967,ses-BAS1
sub-A00083982,ses-BAS1
sub-A00083982,ses-FLU1
sub-A00083983,ses-BAS1
sub-A00083983,ses-FLU1
sub-A00084119,ses-BAS1
sub-A00084901,ses-BAS1
sub-A00084901,ses-FLU1
sub-A00084921,ses-BAS1
sub-A00084956,ses-BAS1
sub-A00084956,ses-FLU1
sub-A00085001,ses-BAS1
sub-A00085001,ses-FLU1
sub-A00085003,ses-BAS1
sub-A00085003,ses-FLU1
sub-A00085052,ses-BAS1
sub-A00085057,ses-BAS1
sub-A00085066,ses-BAS1
sub-A00085066,ses-FLU1
sub-A00085095,ses-BAS1
sub-A00085290,ses-BAS1
sub-A00085290,ses-FLU1
sub-A00085297,ses-BAS1
sub-A00085297,ses-FLU1
sub-A00085298,ses-BAS1
sub-A00085298,ses-FLU1
sub-A00085298,ses-TRT
sub-A00085391,ses-BAS1
sub-A00085406,ses-BAS1
sub-A00085665,ses-BAS1
sub-A00085665,ses-FLU1
sub-A00085680,ses-BAS1
sub-A00085743,ses-BAS1
sub-A00085743,ses-FLU1
sub-A00085795,ses-BAS1
sub-A00085795,ses-FLU1
sub-A00085795,ses-TRT
sub-A00085796,ses-BAS1
sub-A00085796,ses-FLU1
sub-A00085797,ses-BAS1
sub-A00085797,ses-FLU1
sub-A00085828,ses-BAS1
sub-A00085828,ses-FLU1
sub-A00085864,ses-BAS1
sub-A00085866,ses-FLU1
sub-A00085906,ses-BAS1
sub-A00085906,ses-FLU1
sub-A00085907,ses-BAS1
sub-A00085907,ses-FLU1
sub-A00085927,ses-BAS1
sub-A00085927,ses-FLU1
sub-A00085942,ses-BAS1
sub-A00085942,ses-FLU1
sub-A00085942,ses-TRT
sub-A00085951,ses-BAS1
sub-A00085951,ses-FLU1
sub-A00086169,ses-BAS1
sub-A00086169,ses-FLU1
sub-A00086238,ses-BAS1
sub-A00086259,ses-BAS1
sub-A00086259,ses-FLU1
sub-A00086467,ses-BAS1
sub-A00086467,ses-TRT
sub-A00086474,ses-BAS1
sub-A00086474,ses-FLU1
sub-A00086551,ses-BAS1
sub-A00086551,ses-FLU1
sub-A00086748,ses-BAS1
